32570-14507,32570-9810,32570-16604,32570-42733,32570-66048,Gordon Hayward,32570-9560,32570-22541,32570-49111
32570-66115,Collin Sexton,32570-14510,32570-42733,32570-66048,Gordon Hayward,32570-9560,32570-22541,32570-49111
32570-9642,Collin Sexton,32570-16604,32570-42733,Gordon Hayward,Kevin Knox,32570-9560,32570-22541,32570-49111
32570-14507,Collin Sexton,32570-14510,32570-42733,32570-66048,Kevin Knox,32570-9560,32570-22541,32570-49111
32570-14529,Collin Sexton,32570-49116,32570-42733,32570-9488,Kevin Knox,32570-9560,32570-22541,32570-49111
32570-80814,32570-9810,32570-49116,32570-42733,32570-66048,32570-58084,32570-9560,32570-22541,32570-49111
32570-14507,32570-9810,32570-14510,32570-42733,Gordon Hayward,Kevin Knox,32570-9560,32570-22541,32570-49111
32570-9455,Collin Sexton,32570-49116,32570-42733,32570-66048,Kevin Knox,32570-9560,32570-41594,32570-49111
32570-80814,Collin Sexton,32570-14510,32570-42733,32570-66048,Kevin Knox,32570-9560,32570-9957,32570-49111
32570-14507,Collin Sexton,32570-14510,32570-42733,32570-66048,Gordon Hayward,32570-9560,32570-22541,32570-49111
32570-66115,32570-80814,32570-16604,32570-42733,Gordon Hayward,Kevin Knox,32570-9560,32570-22541,32570-49111
32570-9642,32570-14529,32570-16604,32570-42733,Gordon Hayward,Kevin Knox,32570-9560,32570-22541,32570-49111
32570-80814,Collin Sexton,32570-49116,32570-42733,32570-66048,Kevin Knox,32570-9560,32570-41594,32570-49111
32570-9455,32570-80814,32570-14510,32570-42733,32570-66048,Kevin Knox,32570-9560,32570-22541,32570-49111
32570-14507,Collin Sexton,32570-49116,32570-42733,32570-16233,Kevin Knox,32570-9560,32570-22541,32570-49111
32570-14507,32570-14529,32570-14510,32570-42733,32570-66048,Kevin Knox,32570-9560,32570-22541,32570-49111
32570-9810,Collin Sexton,32570-16604,32570-42733,32570-9488,Kevin Knox,32570-9560,32570-22541,32570-49111
32570-9810,Collin Sexton,32570-49116,32570-42733,32570-66048,Kevin Knox,32570-9560,32570-9957,32570-49111
32570-9455,Collin Sexton,32570-14510,32570-42733,32570-66048,Gordon Hayward,32570-9560,32570-9957,32570-49111
32570-14529,Collin Sexton,32570-49116,32570-42733,32570-9488,Gordon Hayward,32570-9560,32570-22541,32570-49111
32570-80814,32570-9810,32570-14510,32570-42733,Gordon Hayward,Kevin Knox,32570-9560,32570-9957,32570-49111
32570-66115,Collin Sexton,32570-16604,32570-42733,32570-66048,32570-16233,32570-9560,32570-22541,32570-49111
32570-20848,Collin Sexton,32570-67026,32570-42733,32570-66048,Kevin Knox,32570-9560,32570-22541,32570-49111
32570-66115,Collin Sexton,32570-67026,32570-42733,32570-66048,Kevin Knox,32570-9560,32570-22541,32570-49111
32570-9455,Collin Sexton,32570-49116,32570-42733,32570-66048,Gordon Hayward,32570-9560,32570-41594,32570-49111
